Id_comuna;Id_comisaria;Nombre_comisaria;DirecciÛn;Fono;;Tipo;;;;;
15101;;5TA COMISARIA CONTROL ORDEN PUBLICO;18 DE SEPTIEMBRE N∫ 960;58-2458169;;COMISARIA;;;;;
15101;;4A. COMISARÕA CHACALLUTA;RUTA 5 NORTE KM 2086;58 - 2458200;;COMISARIA;;;;;
15101;;3A. COMISARIA ARICA;AVENIDA LOA N 1475;58 - 2458132;;COMISARIA;;;;;
15101;;1A. COMISARIA ARICA;AVENIDA SANTA MAR√çA N¬∞ 900;58 - 2458082;;COMISARIA;;;;;
15101;;SUBCOMISARÕA I.A.T. ARICA;DIECIOCHO DE SEPTIEMBRE N∞ 1960;58 - 2458050;;SUBCOMISARIA;;;;;
15101;;SUBCOMISARÕA CHINCHORRO NORTE;CALLE ANDALIEN N¬∞ 837;58 - 2452157;;SUBCOMISARIA;;;;;
15101;;RETEN SAN MIGUEL DE AZAPA;RUTA A-27 KM 12;58 - 2458164;;RETEN;;;;;
15101;;RETEN POCONCHILE (F);RUTA CH-11 KM 27;58 - 2458153;;RETEN;;;;;
15101;;RETEN CENTRAL (F);VEINTIUNO DE MAYO S/N;58 - 2458154;;RETEN;;;;;
15102;;RETEN CODPA;RUTA A-35 KM. 47;58 - 2458163;;RETEN;;;;;
15102;;TENENCIA CARRETERA ARICA;RUTA 5 NORTE KM 1968;58 - 2458166;;TENENCIA;;;;;
15201;;2A. COMISARIA PUTRE;ERNESTO RIQUELME N¬∞ 298;58 - 2458101;;COMISARIA;;;;;
15201;;TENENCIA CHUNGARA (F);RUTA CH-11 KM 185;58 - 2458122;;TENENCIA;;;;;
15201;;RETEN CHUCUYO (F);RUTA CH-11 KM 159;58 - 2458126;;RETEN;;;;;
15201;;RETEN CHAPIQUINA;RUTA A-31, KM 150.600;58 - 2458116;;RETEN;;;;;
15201;;RETEN GUALLATIRE (F);RUTA A-95 KM. 137;58 - 2458127;;RETEN;;;;;
15202;;TENENCIA VISVIRI (F);RUTA A-093 KM. 92;58 - 2458118;;TENENCIA;;;;;
15202;;RETEN TACORA (F);RUTA A-023 KM. 70;58 - 2458120;;RETEN;;;;;
15202;;RETEN ALCERRECA (F);AV. GOBERNADOR COBO S/N;58 - 2458121;;RETEN;;;;;
1101;;5TA COMISARIA CONTROL ORDEN PUBLICO;CALLE PEDRO LAGOS NRO. 1034;572-557108;;COMISARIA;;;;;
1101;;1A. COMISARÕA DE IQUIQUE;CALLE BERNARDO O HIGGINS N 427;57 - 2 557041;;COMISARIA;;;;;
1101;;4A. COMISARÕA CAVANCHA;AVDA. SALVADOR ALLENDE S/N ESQUINA PEDRO GAMBONI;57 2557301;;COMISARIA;;;;;
1101;;TENENCIA DE CARRETERAS IQUIQUE;RUTA 5 NORTE 1840, Huara;57 - 2557142;;TENENCIA;;;;;
1101;;RETEN CHANAVAYITA (M.C.);RUTA 1, ESTRELLA DEL MAR, MANZANA 2, SITIO 3 S/N;57 - 2557070;;RETEN;;;;;
1101;;RETEN RIO LOA M.A.;RUTA A 1 KIL”METRO 266;57 - 2 557114;;RETEN;;;;;
1107;;3A. COMISARÕA DE ALTO HOSPICIO;AVDA. TENIENTE HERNAN MERINO CORREA N 3961;57 - 2 557156;;COMISARIA;;;;;
1401;;2A. COMISARÕA POZO ALMONTE;CALLE COMERCIO N 652;57- 2 557118;;COMISARIA;;;;;
1401;;SUBCOMISARÕA I.A.T. IQUIQUE;CALLE JOS… DE SAN MARTÕN N∞ 499;57 - 2 557081;;SUBCOMISARIA;;;;;
1401;;RETEN LA TIRANA;AV. CIRCUNVALACI”N N∞ 751;57 - 2557134;;RETEN;;;;;
1401;;RETEN MAMINA;AV. EL TAMBO S/N;57 - 2 557132;;RETEN;;;;;
1402;;RETEN CAMINA;ARTURO PRAT S/N;57 - 2 557137;;RETEN;;;;;
1403;;SUBCOMISARÕA COLCHANE (F);TENIENTE GONZALEZ S/N;57 - 2 557149;;SUBCOMISARIA;;;;;
1404;;TENENCIA HUARA M/C;RUTA 5 NORTE KM. 1839;57 - 2 557142;;TENENCIA;;;;;
1404;;RETEN PISAGUA;CALLE ESMERALDA N∞ 1620;57 - 2 557133;;RETEN;;;;;
1405;;TENENCIA PICA;VEINTISIETE DE ABRIL S/N, PICA;57 - 2 557139;;TENENCIA;;;;;
2101;;5A. COMISARÕA LA PORTADA;RICA AVENTURA NRO. 11.955, ANTOFAGASTA.;55 2755296;;COMISARIA;;;;;
2101;;2A. COMISARÕA ANTOFAGASTA;AVENIDA RENDIC NÔøΩ 6000;55 - 2 755108;;COMISARIA;;;;;
2101;;3A. COMISARÕA DE ANTOFAGASTA;CALLE SAN MARTIN No. 2452;55 - 2 755139;;COMISARIA;;;;;
2101;;SUBCOMISARÕA ANTOFAGASTA NORTE;CALLE SALAMANCA S/N;55 - 2 755125;;SUBCOMISARIA;;;;;
2101;;SUBCOMISARÕA PLAYA BLANCA;REPUBLICA DE CROACIA No. 1100;55 - 2 755285;;SUBCOMISARIA;;;;;
2102;;TENENCIA MEJILLONES;SALAMANCA S/N;55 - 2 755132;;TENENCIA;;;;;
2103;;TENENCIA CARRETERA BAQUEDANO;SALVADOR ALLENDE N∞ 502;55 - 2 755170;;TENENCIA;;;;;
2103;;RETEN SIERRA GORDA;AV. SALVADOR ALLENDE N∞ 200;55 - 2 755137;;RETEN;;;;;
2104;;1A. COMISARÕA TALTAL;Sargento Aldea NÔøΩ 502;55 - 2 755087;;COMISARIA;;;;;
2104;;RETEN ALEMANIA (M.C.);RUTA 5 NORTE N∞ 1144;55 - 2755105;;RETEN;;;;;
2201;;1A. COMISARÕA DE CALAMA;Avenida GRANADEROS NÔøΩ 2490;55 - 2755233;;COMISARIA;;;;;
2201;;RETEN TOCONCE (F);GABRIELA MISTRAL S/N;55 - 2 755275;;RETEN;;;;;
2201;;RETEN INACALIRI (F);RUTA B-143, KILOMETRO 7, SECTOR INACALIRI;55 - 2 755274;;RETEN;;;;;
2202;;TENENCIA OLLAG‹E (F);CHILE N∞ 30;55 - 2 755278;;TENENCIA;;;;;
2202;;RETEN ASCOTAN (F);RUTA CH-21 KM 121;55 - 2 755280;;RETEN;;;;;
2203;;2A. COMISARÕA DE SAN PEDRO DE ATACAMA (F);GUSTAVO LEPEIGE N∞ 304;55 - 2 755350;;COMISARIA;;;;;
2203;;RETEN TOCORPURI (F);RUTA B-245;55-2755365;;RETEN;;;;;
2203;;RETEN TOCONAO (F);AVENIDA NORTE N∞ 55;55 - 2 755276;;RETEN;;;;;
2203;;RETEN SOCAIRE (T. F.);RUTA 23 CH KIL”METRO 287.;55-755295;;RETEN;;;;;
2301;;4A. COMISARÕA DE TOCOPILLA;21 DE MAYO NÔøΩ 1666;55 - 2 755174;;COMISARIA;;;;;
2302;;TENENCIA MARIA ELENA (M.C);PEDRO MONTT S/N;55 - 2 755194;;TENENCIA;;;;;
3101;;PREFECTURA DE CARABINEROS ATACAMA N 5;LIBERTADOR BERNARDO OHIGGINS N 753;52 - 2552014;;PREFECTURA;;;;;
3101;;TENENCIA CARRETERA ATACAMA NORTE;RUTA 5 NORTE KM 486;52 - 2 552118;;TENENCIA;;;;;
3101;;SUBCOMISARÕA PEDRO LEON GALLO;LOS LOROS N∞ 1850;52 - 2 552165;;SUBCOMISARIA;;;;;
3101;;SUBCOMISARIA (C.O.P);AVDA. COPAYAPU 3302;522552160;;SUBCOMISARIA;;;;;
3101;;RETEN PAIPOTE;PEDRO AGUIRRE CERDA S/N;52 - 2 552121;;RETEN;;;;;
3102;;SUBCOMISARÕA CALDERA;BATALLONES DE ATACAMA N 307;52 - 2552125;;SUBCOMISARIA;;;;;
3103;;SUBCOMISARÕA TIERRA AMARILLA;MONSENOR MIGUEL LEMEUR S/N;52 - 2552123;;SUBCOMISARIA;;;;;
3103;;RETEN SACRAMENTO (F);FERROCARRIL S/N;52 - 2 552133;;RETEN;;;;;
3201;;1A. COMISARIA CHA—ARAL;LOS CARRERAS S/N;52 - 2 552066;;COMISARIA;;;;;
3201;;RETEN EL SALADO;PEDRO LUJAN N∞ 797;52 - 2 552086;;RETEN;;;;;
3202;;4A. COMISARÕA EL SALVADOR;AVENIDA POTRERILLOS SUR N 2502;52 - 2 552135;;COMISARIA;;;;;
3202;;SUBCOMISARÕA DIEGO DE ALMAGRO;JUAN MARTINEZ DE ROSA N∞ 1301;52 - 2552088;;SUBCOMISARIA;;;;;
3301;;3A COMISARÕA DE VALLENAR;SERRANO N 1196;52 - 2551244;;COMISARIA;;;;;
3301;;TENENCIA CARRETERA ATACAMA SUR;RUTA 5 NORTE KM 662;51 - 2 651296;;TENENCIA;;;;;
3301;;RETEN ALFREDO ROZAS BUGUE—O;MARTÕN GONZ¡LEZ N∞ 1745;55 - 2 651288;;RETEN;;;;;
3302;;TENENCIA ALTO DEL CARMEN;PADRE ALONSO GARCIA/PUENTE;51 - 2 651290;;TENENCIA;;;;;
3302;;RETEN EL TRANSITO;AVENIDA MATTA S/N;51 - 2 651293;;RETEN;;;;;
3302;;RETEN SAN FELIX (F);SERRANO S/N;51 - 2 651292;;RETEN;;;;;
3302;;RETEN CONAY (F);RUTA C-495, KM. 49,600;51 - 2 651295;;RETEN;;;;;
3303;;TENENCIA FREIRINA;RIO JANEIRO N∞ 861;51 - 2 651283;;TENENCIA;;;;;
3304;;SUBCOMISARÕA HUASCO (M);ARTURO PRAT N∞ 98;51 - 2 651275;;SUBCOMISARIA;;;;;
4101;;PREFECTURA DE CARABINEROS DE COQUIMBO;CIENFUEGOS N 180;51 - 2651015;;PREFECTURA;;;;;
4101;;IV ZONA DE CARABS. COQUIMBO;COLON N∞ 691;51 - 2 651000;;ZONA;;;;;
4101;;1A COMISARÌA LA SERENA;COLON N 720;51 - 2651081;;COMISARIA;;;;;
4101;;6A COMISARÕA DE LAS COMPA—IAS;CALLE MEXICO NRO. 2440;51 - 2651190;;COMISARIA;;;;;
4101;;3A. COMISARIA CONTROL ORDEN PUBLICO;JUAN JOSE LATORRE N¬∫ 415;51 - 2651220;;COMISARIA;;;;;
4101;;TENENCIA CARRETERA ELQUI;RUTA 5 NORTE KM. 540.555;51 - 2651110;;TENENCIA;;;;;
4101;;SUBCOMISARÕA LA FLORIDA;AV. 18 DE SEPTIEMBRE N∞ 4117;51 - 2 651103;;SUBCOMISARIA;;;;;
4101;;SUBCOMISARÕA I.A.T. LA SERENA;BALMACEDA N∞ 4828;51 - 2 651055;;SUBCOMISARIA;;;;;
4102;;TENENCIA TONGOY;AVENIDA. FUNDICI”N NORTE N∞ 107;51 - 2 651149;;TENENCIA;;;;;
4102;;RETEN GUANAQUEROS;FRITZ WILLY LINDENMANN N∞ 2380 GUANAQUEROS;51-2651158;;RETEN;;;;;
4102;;2A COMISARÕA DE COQUIMBO;CALLE TEGUALDA N 515;51 - 2651114;;COMISARIA;;;;;
4102;;SUBCOMISARÕA TIERRAS BLANCAS;AVENIDA. RENE SCHNEIDER N 528;51 - 2651140;;SUBCOMISARIA;;;;;
4102;;TENENCIA LA HERRADURA;LAS GAVIOTAS N∞ 186;51 - 2 651154;;TENENCIA;;;;;
4102;;TENENCIA COQUIMBO ORIENTE;AVENIDA. EL SAUCE N∞ 1109;51 - 2 651152;;TENENCIA;;;;;
4102;;TENENCIA LAS ENCINAS;RUBEN JIMENEZ S/N;51-2651159;;TENENCIA;;;;;
4102;;TENENCIA PE—UELAS;RUTA 5 S/N. CRUCE PENUELAS;51-2651135;;TENENCIA;;;;;
4102;;RETEN CERRO DEL VIGIA;CALLE ALONSO DE ERCILLA N∞ 418;65 - 2651160;;RETEN;;;;;
4103;;TENENCIA ANDACOLLO;DOMINGO SANTA MARÕA N∞ 509;51 - 2 651147;;TENENCIA;;;;;
4104;;RETEN LA HIGUERA;AV. LA PAZ S/N;51 - 2 651112;;RETEN;;;;;
4105;;TENENCIA PAIHUANO;BALMACEDA S/N;51 - 2 651186;;TENENCIA;;;;;
4105;;RETEN PISCO ELQUI (F);CENTENARIO S/N;51 - 2 651188;;RETEN;;;;;
4106;;5A. COMISARÕA VICU—A;AVENIDA LAS DELICIAS N 599;51 - 2651162;;COMISARIA;;;;;
4106;;TENENCIA JUNTAS DEL TORO;RUTA D-41 KM 147;51 - 2 651183;;TENENCIA;;;;;
4106;;RETEN EL MOLLE;AVENIDA ESTADIO S/N;51 - 2 651182;;RETEN;;;;;
4201;;4A. COMISARÕA DE ILLAPEL;BERNARDO O HIGGINS N 189;53 - 2453125;;COMISARIA;;;;;
4202;;TENENCIA CHOAPA MIXTA CARRETERAS;RUTA 5 NORTE KM 250;53 - 2 453156;;TENENCIA;;;;;
4202;;RETEN LA CANELA;ESTANISLAO OLLARZU N∞ 665;53 - 2 453168;;RETEN;;;;;
4203;;SUBCOMISARÕA LOS VILOS;CALLE TUCAPEL N∞ 599;53 - 2 453147;;SUBCOMISARIA;;;;;
4203;;RETEN PICHIDANGUI;CALLE LA RAYA N∞ 73;53 2 453155;;RETEN;;;;;
4204;;SUBCOMISARÕA SALAMANCA;BERNARDO O'HIGGINS N∞ 599;53 - 2 453159;;SUBCOMISARIA;;;;;
4204;;RETEN COIRON (F);18 DE SEPTIEMBRE S/N;53 - 2 453167;;RETEN;;;;;
4301;;3A. COMISARÕA OVALLE;TANGUE N 20;53 - 2 453000;;COMISARIA;;;;;
4301;;TENENCIA ASISTENCIAL DE MENORES OVALLE;LORD COCHRANE N 608, POBLACION ATENAS;53 - 2453089;;TENENCIA;;;;;
4301;;TENENCIA CARRETERA LIMARI;RUTA 5 NORTE KMS 389 CERRILLOS;53 - 2 453081;;TENENCIA;;;;;
4301;;RETEN CERRILLOS DE TAMAYA;ARTURO VILLALON S/N;53 - 2453086;;RETEN;;;;;
4302;;SUBCOMISARÕA COMBARBALA;PLAZA DE ARMAS N∞ 100;53 - 2 453068;;SUBCOMISARIA;;;;;
4302;;RETEN COGOTI (F);MANUEL RODRIGUEZ N 27;53 - 2 453076;;RETEN;;;;;
4303;;SUBCOMISARÕA MONTE PATRIA;CALLE PONIU N∞ 149;53 - 2 453051;;SUBCOMISARIA;;;;;
4303;;RETEN EL PALQUI;GALVARINO S/N;53 - 2 453064;;RETEN;;;;;
4303;;RETEN CHA—ARAL ALTO;LOS LIBERTADORES N∞ 81;53 - 2 453065;;RETEN;;;;;
4303;;RETEN LAS TORTOLAS (F);RUTA D-557 KM 31, CENTRAL LOS MOLLES;53 - 2 453060;;RETEN;;;;;
4303;;RETEN PEDREGAL (F);LAS DELICIAS S/N;53 - 2 453061;;RETEN;;;;;
4303;;RETEN TULAHUEN (F);AVENIDA VICU—A MACKENNA S/ TULAHUEN DE LA RUTA D-597 KM 43;53 - 2453062;;RETEN;;;;;
4304;;TENENCIA PUNITAQUI;CAUPOLICAN N∞ 1150;53 - 2 453078;;TENENCIA;;;;;
4305;;RETEN PICHASCA;RUTA D-595 KM 40, COMUNA DE RÕO HURTADO;53 - 2 453085;;RETEN;;;;;
4305;;RETEN HURTADO (F);CAUPOLIC¡N S/N, RUTA D-595 KM-71;53 - 2 453084;;RETEN;;;;;
5101;;1A. COMISARÕA VALPARAÕSO SUR;AGUAYO NÔøΩ 42, PLAYA ANCHA;32 - 2 3132098;;COMISARIA;;;;;
5101;;TENENCIA CORDILLERA;GUMERCINDO DÕAZ N∞ 1292;32 - 2 3132115;;TENENCIA;;;;;
5101;;2A. COMISARÕA VALPARAÕSO CENTRAL;AVENIDA. COLÔøΩN NÔøΩ 1823;32 - 2 3132119;;COMISARIA;;;;;
5101;;PREFECTURA VALPARAÕSO;BUENOS AIRES N∞ 750;32 3132013;;PREFECTURA;;;;;
5101;;V ZONA VALPARAÕSO;BUENOS AIRES N 750;32 - 3132000;;ZONA;;;;;
5101;;8A. COMISARÕA FLORIDA;MARIANO SERRATEA N 136, CERRO FLORIDA;32 - 3132247;;COMISARIA;;;;;
5101;;9NA. COMISARIA CONGRESO NACIONAL;Av. Pedro Montt s/n, Valpara√≠so;32 - 3132511;;COMISARIA;;;;;
5101;;SUBCOMISARÕA I.A.T. VALPARAISO;GUACOLDA N∞ 213;32 - 2 3132065;;SUBCOMISARIA;;;;;
7304;;4A. COMISARÕA DE MOLINA;MAIPU N 2022;75-2275139;;COMISARIA;;;;;
7305;;TENENCIA RAUCO;BALMACEDA N∞ 37;75 - 2 275055;;TENENCIA;;;;;
7306;;TENENCIA ROMERAL;AVENIDA RAM”N FREIRE N∞ 951;75 - 2 275135;;TENENCIA;;;;;
7307;;TENENCIA SAGRADA FAMILIA;ESPERANZA N∞ 74;75 - 2 275166;;TENENCIA;;;;;
7308;;3A. COMISARÕA DE TENO;AVENIDA. COMALLE N 110;75-2275112;;COMISARIA;;;;;
7309;;RETEN VICHUQUEN;ARTURO PRAT S/N;75 - 2 275104;;RETEN;;;;;
7401;;1A. COMISARÕA LINARES;AVENIDA. VALENTIN LETELIER N 376;73 - 2673029;;COMISARIA;;;;;
7402;;TENENCIA COLBUN;BERNARDO O'HIGGINS N∞ 404;73 - 2 673050;;TENENCIA;;;;;
7403;;SUBCOMISARÕA LONGAVI;UNO SUR NÔøΩ 410;73 - 2 673195;;SUBCOMISARIA;;;;;
7404;;3A. COMISARÕA PARRAL;URRUTIA N 560;73 - 2 673096;;COMISARIA;;;;;
7405;;TENENCIA RETIRO;PRESIDENTE ERRAZURIZ N∞ 266;73 - 2 673121;;TENENCIA;;;;;
7406;;5A. COMISARÕA DE SAN JAVIER;LONCOMILLA N 2488;73 - 2 673156;;COMISARIA;;;;;
7407;;SUBCOMISARÕA VILLA ALEGRE;ABATE MOLINA N∞ 925;73 - 2 673181;;SUBCOMISARIA;;;;;
7408;;RETEN YERBAS BUENAS;CENTENARIO N∞ 51; 73 - 2 673071;;RETEN;;;;;
16101;;PREFECTURA —UBLE N∞ 27;VEGAS DE SALDIAS N∞ 368;42 - 2842000;;PREFECTURA;;;;;
16101;;TENENCIA CHILLAN ORIENTE;AVDA NUEVA ORIENTE 612, CHILLAN;42 - 2842095;;TENENCIA;;;;;
16102;;3A. COMISARÕA DE BULNES;CALLE ANIBAL PINTO NÔøΩ 461;42 - 2 2842116;;COMISARIA;;;;;
16103;;6A COMISARIA DE CHILLAN VIEJO;AVENIDA BERNARDO OHIGGINS N 2804;42 - 2842204;;COMISARIA;;;;;
16104;;TENENCIA EL CARMEN;ESMERALDA N∞ 2;42 - 2842166;;TENENCIA;;;;;
16105;;TENENCIA PEMUCO;MIRAFLORES N∞ 696;42 - 2842163;;TENENCIA;;;;;
16106;;TENENCIA PINTO;ERNESTO RIQUELME N∞ 133;42 - 2842224;;TENENCIA;;;;;
16107;;TENENCIA QUILLON;EL ROBLE NÔøΩ 203;42 - 2842140;;TENENCIA;;;;;
16108;;RETEN SAN IGNACIO;MANUEL RODRIGUEZ N∞ 699;42 - 2842135;;RETEN;;;;;
16109;;4A. COMISARÕA YUNGAY;CALLE TACNA NÔøΩ 34;42 - 2842143;;COMISARIA;;;;;
16201;;5A. COMISARÕA QUIRIHUE;CALLE ESMERALDA NÔøΩ 735;42 - 2842174;;COMISARIA;;;;;
16202;Cobquecura;RETEN COBQUECURA;CALLE ARTURO PRAT N∞ 322;42 - 2842188;;RETEN;;;;;
16203;Coelemu;SUBCOMISARÕA COELEMU;EXEQUIEL LARENAS N∞ 810;42 - 2842193;;SUBCOMISARIA;;;;;
16204;Ninhue;RETEN —INHUE;ESMERALDA N∞ 501;42 - 2842189;;RETEN;;;;;
16205;Portezuelo;RETEN PORTEZUELO;O'HIGGINS N∞ 537;42 - 2842190;;RETEN;;;;;
16206;R·nquil;RETEN —IPAS;BARROS LUCO N∞ 598;42 - 2842201;;RETEN;;;;;
16207;Treguaco;RETEN TREHUACO;GONZALO URREJOLA N∞ 593;42 - 2842191;;RETEN;;;;;
16301;San Carlos;1A. COMISARÕA DE SAN CARLOS;BENJAMÔøΩN VICUÔøΩA MACKENNA NÔøΩ 137;42 - 2 842051;;COMISARIA;;;;;
16302;Coihueco;SUBCOMISARÕA COIHUECO;SAN MARTÕN N∞ 1598;42 - 2842232;;SUBCOMISARIA;;;;;
16303;—iquÈn;RETEN —IQUEN;RAUL SOTO S/N;42 - 2842076;;RETEN;;;;;
16304;San Fabi·n;SUBCOMISARÕA SAN FABIAN (F);AVENIDA ANDES N∞ 614;42 - 2842078;;SUBCOMISARIA;;;;;
16305;San Nicol·s;RETEN SAN NICOLAS;BERNARDO OHIGGINS N∞ 215;42 - 2 842071;;RETEN;;;;;
8101;ConcepciÛn;2A. COMISARÕA CONCEPCI”N;ONGOLMO N 1668;41 - 2141180;;COMISARIA;;;;;
8102;Coronel;4A. COMISARÕA DE CORONEL;MANUEL MONTT N 798;41-2141126;;COMISARIA;;;;;
8103;Chiguayante;7A.COMISARÕA CHIGUAYANTE;AVDA. 101 S/N ESQUINA BIO BIO;41 - 2141570;;COMISARIA;;;;;
8104;Florida;TENENCIA FLORIDA;ELEUTERIO RAMIREZ N∞ 543;41 - 2141340;;TENENCIA;;;;;
8105;Hualqui;TENENCIA HUALQUI;PATRICIO LYNCH N∞ 501;41 - 2141123;;TENENCIA;;;;;
8106;Lota;3A. COMISARÕA DE LOTA;CURVA LOYOLA S/N;41 - 2 2141161;;COMISARIA;;;;;
8107;Penco;3A. COMISARÕA DE PENCO;BERNARDO O HIGGINS N 418;41 - 2 2141318;;COMISARIA;;;;;
8108;San Pedro de La Paz;TENENCIA SAN PEDRO DE LA PAZ;LOS MAQUIS S/N;41-2141198;;TENENCIA;;;;;
5101;;SUBCOMISARÕA LAS CA—AS;LOS ALERCES S/N;32 - 3132165;;SUBCOMISARIA;;;;;
5101;;TENENCIA RODELILLO;RODELILLO S/N;32 - 3132160;;TENENCIA;;;;;
5101;;TENENCIA OHIGGINS;AV. JORGE KENRICK N 107 CERRO SAN ROQUE;32 - 3132157;;TENENCIA;;;;;
5101;;RETEN CABO 1∞ JUAN CARLOS SILVA TORO;CABRITERIA NORTE N 2225;32 - 3132164;;RETEN;;;;;
5101;;7A. COMISARÕA FF.EE. VALPARAÕSO;RUTA 68 KM. 4 1/2 S/N SANTOS OSSA;32 - 3132227;;COMISARIA;;;;;
5101;;TENENCIA CARRETERA VALPARAISO;RUTA 68 95200;32 - 3132178;;TENENCIA;;;;;
5101;;RETEN PLACILLA PE—UELAS;ANTONIO SAMORE S/N;32 - 2 3132163;;RETEN;;;;;
5101;;RETEN LAGUNA VERDE;PRINCIPAL S/N;32 - 2 3132117;;RETEN;;;;;
5102;;RETEN QUINTAY;JORGE MONTT S/N;32 - 3132200;;RETEN;;;;;
5102;;5A COMISARIA DE CASABLANCA;CALLE MEMBRILLAR N 125;32 - 3132181;;COMISARIA;;;;;
5103;;4A. COMISARIA CONCON;AVENIDA MANANTIALES N 933;32 - 3132570;;COMISARIA;;;;;
5105;;RETEN MAITENCILLO;PADRE ENRIQUE DEL RIO N 463;32 - 3132413;;RETEN;;;;;
5105;;TENENCIA PUCHUNCAVI;PRESIDENTE RIOS N 920;32 - 3132410;;TENENCIA;;;;;
5105;;RETEN HORCON;AVENIDA PRINCIPAL N 803;32 - 3132414;;RETEN;;;;;
5105;;RETEN LAS VENTANAS;PEDRO ALDUNATE SOLAR N 1028;32 - 3132415;;RETEN;;;;;
5107;;SUBCOMISARÕA QUINTERO;AVENIDA. FRANCIA N 1341;32 - 3132402;;SUBCOMISARIA;;;;;
5109;;TENENCIA RE—ACA;BELLAVISTA S/N;32 - 3132383;;TENENCIA;;;;;
5109;;TENENCIA RE—ACA ALTO;CALLE NUEVE N 925, PARADERO 8 1/2;32 - 3132460;;TENENCIA;;;;;
5109;;SUBCOMISARÕA GOMEZ CARRE—O;AV. PACIFICO S/N;32 - 3132395;;SUBCOMISARIA;;;;;
5109;;5A. COMISARÕA DE VI—A DEL MAR (S.U.);CALLE EL LUCUMO N 2875, MIRAFLORES;32 - 3132353;;COMISARIA;;;;;
5109;;1A. COMISARÕA DE VI—A DEL MAR;4 NORTE N 320;32 - 3132303;;COMISARIA;;;;;
5109;;RETEN PALACIO PRESIDENCIAL;CALLAO N 398;32 - 3132500;;RETEN;;;;;
5109;;TENENCIA FORESTAL;SIMON BOLIVAR N∞ 354;32-3132480;;TENENCIA;;;;;
5109;;TENENCIA RECREO;18 DE SEPTIEMBRE N 298;32 - 3132386;;TENENCIA;;;;;
5109;;TENENCIA NUEVA AURORA;CALLE BORINQUEN S/N;32 - 3132392;;TENENCIA;;;;;
5201;;6A. COMISARÕA DE ISLA DE PASCUA;AV. MATAVERI S/N;32 - 3132600;;COMISARIA;;;;;
5201;;TENENCIA ASIST.MENORES ISLA PASCUA;MANUTARA S/N;32 - 3132224;;TENENCIA;;;;;
5301;;SUBCOMISARÕA LOS LIBERTADORES (F);RUTA CH-60 KM 107;34 - 2 334097;;SUBCOMISARIA;;;;;
5301;;3A. COMISARÕA LOS ANDES;AVENIDA SANTA TERESA N 491;34 - 2334079;;COMISARIA;;;;;
5302;;TENENCIA CALLE LARGA;CALLE LARGA N∞ 2090;34 - 2 334104;;TENENCIA;;;;;
5303;;TENENCIA RINCONADA;SAN MARTIN N∞ 593;34 - 2 334107;;TENENCIA;;;;;
5304;;TENENCIA SAN ESTEBAN (F);AVENIDA ALESSANDRI N∞ 206;34 - 2 334109;;TENENCIA;;;;;
5401;;RETEN LOS MOLLES;AVENIDA HERMANOS DE LA COSTA N∞ 90;33 - 2 433039;;RETEN;;;;;
5401;;RETEN VALLE HERMOSO;ESMERALDA N∞ 3550;33 - 2 433037;;RETEN;;;;;
5401;;1A. COMISARÕA DE LA LIGUA;DIEGO PORTALES NÔøΩ 333;33 - 2433000;;COMISARIA;;;;;
5402;;TENENCIA CABILDO;HUMERES N∞ 494;33 - 2 433025;;TENENCIA;;;;;
5403;;RETEN PAPUDO;DOMINGO FERNANDEZ CONCHA N∞ 610;33 - 2 433035;;RETEN;;;;;
5404;;RETEN CHINCOLCO;AV. PEDRO MONTT N∞ 1610;33 - 2 433031;;RETEN;;;;;
5404;;TENENCIA PETORCA;SILVA N∞ 695;33 - 2 433022;;TENENCIA;;;;;
5404;;RETEN CASAS DE ALICAHUE;RUTA E-445 KM 33;33 - 2 433027;;RETEN;;;;;
5404;;TENENCIA CARRETERAS PETORCA;RUTA 5 NORTE KM 156;33 - 2 433029;;TENENCIA;;;;;
5405;;RETEN ZAPALLAR;BENITO DEL BILLAR N∞ 124;33 - 2 433034;;RETEN;;;;;
5405;;RETEN CACHAGUA;CACHAGUA N∞ 424;33 - 2 433038;;RETEN;;;;;
5405;;RETEN CATAPILCO;BALMACEDA N∞ 123;33 - 2 433033;;RETEN;;;;;
5501;;4A. COMISARÕA QUILLOTA;CHACABUCO NÔøΩ 481;33 - 2 433064;;COMISARIA;;;;;
5501;;RETEN LAS CRUZADAS;AVENIDA DUE—AS N∞ 110 SAN PEDRO;33 - 2 433088;;RETEN;;;;;
5502;;7A. COMISARÕA DE LA CALERA;CALLE JOSE JOAQUIN PEREZ N 598;33 - 24333090;;COMISARIA;;;;;
5504;;TENENCIA LA CRUZ;AVENIDA 21 DE MAYO N∞ 2040;33 - 2 433086;;TENENCIA;;;;;
5506;;RETEN EL MELON;BERNARDO O'HIGGINS N∞ 24;33 - 2 433123;;RETEN;;;;;
5506;;TENENCIA NOGALES;PEDRO F…LIX VICU—A N∞ 611;33 - 2 433116;;TENENCIA;;;;;
5601;;1A. COMISARÕA DE SAN ANTONIO;LA MARINA NÔøΩ 1985;35 - 2 535038;;COMISARIA;;;;;
5601;;SUBCOMISARÕA LLO LLEO;M…XICO N∞ 275;35 - 2 535056;;SUBCOMISARIA;;;;;
5601;;RETEN CUNCUMEN (M.C.);RUTA G-800 KIL”METRO 14;35 - 2 535063;;RETEN;;;;;
5602;;3A. COMISARÕA ALGARROBO;CALLE CARABINEROS DE CHILE NÔøΩ 86;35 - 2 535096;;COMISARIA;;;;;
5603;;2A. COMISARÕA DE CARTAGENA;AV. CARTAGENA NÔøΩ 755;35 - 2 535073;;COMISARIA;;;;;
5604;;SUBCOMISARÕA EL QUISCO;ISIDORO DUBORNAIS N∞ 270;35 - 2535130;;SUBCOMISARIA;;;;;
5605;;TENENCIA EL TABO;CENTENARIO S/N;35 - 2 535092;;TENENCIA;;;;;
5605;;RETEN LAS CRUCES;JOSE CLAVIJO VERA S/N;35 - 2535093;;RETEN;;;;;
5606;;SUBCOMISARÕA DE ROCAS SANTO DOMINGO;AVENIDA DEL LITORAL N∞ 335;35 - 2 535065;;SUBCOMISARIA;;;;;
5701;;2A. COMISARÕA DE SAN FELIPE;AVENIDA OHIGGINS N 200;34 - 2334040;;COMISARIA;;;;;
5701;;RETEN CURIMON;SANTIAGO BUERAS S/N, KM 35 RUTA 60CH;34 - 2 334063;;RETEN;;;;;
5701;;SUBCOM I.A.T Y CARRETERA SAN FELIPE;RUTA 5 NORTE KM 84,500;33 - 2 334120;;SUBCOMISARIA;;;;;
5702;;TENENCIA CATEMU;ARTURO PRAT N∞ 91;34 - 2 334072;;TENENCIA;;;;;
5702;;RETEN HIJUELAS;CUARTEL N 32;33 - 24333126;;RETEN;;;;;
5702;;TENENCIA CARRETERA HIJUELAS;RUTA 5 NORTE KM 106.9;33 - 2 433119;;TENENCIA;;;;;
5703;;SUBCOMISARÕA LLAY LLAY;SAN FRANCISCO N∞ 97;34 - 2334056;;SUBCOMISARIA;;;;;
5704;;SUBCOMISARIA I.A.T. Y CARRETERAS SAN FELIPE;RUTA 5 NORTE KM 84;34 - 2334120;;SUBCOMISARIA;;;;;
5704;;RETEN PANQUEHUE;TRONCAL S/N KM 18, RUTA 60CH;34 - 2 334077;;RETEN;;;;;
5705;;RETEN LOS PATOS (F);RUTA E-525, K/M. 18;34 - 2 334069;;RETEN;;;;;
5705;;RETEN GUZMANES;CALLE NUEVA S/N;34 - 2 334067;;RETEN;;;;;
5705;;TENENCIA PUTAENDO;SAN MARTIN N∞ 796;34 - 2 334065;;TENENCIA;;;;;
5705;;RETEN QUEBRADA HERRERA;CALLE BRUNA ESQUINA CALLE ORTIZ;34 - 2 334070;;RETEN;;;;;
5706;;TENENCIA SANTA MARIA;IRARRAZAVAL N∞ 182;34 - 2 3234075;;TENENCIA;;;;;
5801;;TENENCIA EL BELLOTO;FREIRE N 560;32 - 3132350;;TENENCIA;;;;;
5801;;2A. COMISARÕA DE QUILPU…;CALLE SUBERCASEAUX N 1570;32 - 3132326;;COMISARIA;;;;;
5802;;PREFECTURA MARGA MARGA;CALLE PRAT N∫ 340, LIMACHE;33 - 2433170;;PREFECTURA;;;;;
5802;;3A. COMISARÕA LIMACHE;ARTURO PRAT N 340;33 - 2433041;;COMISARIA;;;;;
5803;;TENENCIA OLMUE;ADOLFO EASTMAN S/N;33 - 2 433061;;TENENCIA;;;;;
5804;;6A. COMISARÕA DE VILLA ALEMANA;ARTURO PRAT N 51;32 - 3132419;;COMISARIA;;;;;
6101;;7MA COMISARIA CONTROL ORDEN PUBLICO;RUTA LA TRAVESIA KM 89;72-2972085;;COMISARIA;;;;;
6101;;SUBCOMISARIA IAT RANCAGUA;RUTA TRAVESIA SN KM 89 SECTOR GULTRO OLIVAR;72-2972051;;SUBCOMISARIA;;;;;
6101;;SUBCOMISARÕA DIEGO PORTALES;CONSTANZA N∞ 720;72 - 2 972164;;SUBCOMISARIA;;;;;
6101;;3A. COMISARÕA RANCAGUA ORIENTE;ISABEL PALMA N¬∞ 549;72-2972150;;COMISARIA;;;;;
6101;;1A. COMISARÕA RANCAGUA;AV. JOS√â DE SAN MART√çN N¬∞ 174;72-2972092;;COMISARIA;;;;;
6101;;VI ZONA LIBERTADOR BERNARDO O¥HIGGINS;TENIENTE CORONEL BERNARDO CUEVAS N∞ 670;72 - 2 972000;;ZONA;;;;;
6101;;PREFECTURA CACHAPOAL N∞ 11;CORONEL SANTIAGO BUERAS N∞ 515;72 - 2 972016;;PREFECTURA;;;;;
6102;;TENENCIA CODEGUA;LIBERTADOR BERNARDO O'HIGGINS N∞ 389;72 - 2 972147;;TENENCIA;;;;;
6103;;TENENCIA COINCO;LIBERTADOR BERNARDO O'HIGGINS N∞ 285;72 - 2 972207;;TENENCIA;;;;;
6103;;RETEN MILLAHUE;RUTA H-590, EL RULO N∞ 1750;72 - 2 972209;;RETEN;;;;;
6104;;TENENCIA COLTAUCO;AVDA. ARTURO PRAT N∞ 33;72 - 2 972285;;TENENCIA;;;;;
6104;;RETEN IDAHUE;RUTA H-30 KM. 41.700;72 - 2 972287;;RETEN;;;;;
6105;;RETEN LO MIRANDA;PLAZA DE ARMAS S/N LO MIRANDA;72 - 2 972119;;RETEN;;;;;
6105;;SUBCOMISARÕA DONIHUE;AVENIDA RANCAGUA N∞ 198;72 - 2 972112;;SUBCOMISARIA;;;;;
6106;;2A. COMISARÕA DE GRANEROS;CALLE GUILLERMO BERRIOS N¬∞ 088;72 - 2972121;;COMISARIA;;;;;
6107;;TENECIA EL MANZANO;RUTA H 66 G KM 60;72 - 2972253;;TENENCIA;;;;;
6107;;RETEN LLALLAUQUEN;RUTA H 790 KM 09;72 - 2 972255;;RETEN;;;;;
6107;;SUBCOMISARÕA LAS CABRAS;LAS ACACIAS N∞ 930;72 - 2 972248;;SUBCOMISARIA;;;;;
6108;;SUBCOMISARÕA MACHALI;ARTURO PRAT N∞ 179;72 - 2 972171;;SUBCOMISARIA;;;;;
6108;;TENENCIA COYA;SAN MARTIN S/N;72-2972178;;TENENCIA;;;;;
6108;;RETEN PANGAL (F);RUTA H-265 KM. 12 SECTOR PANGAL;72 - 2 972180;;RETEN;;;;;
6109;;RETEN MALLOA;BERNARDO O'HIGGINS N∞ 225;72 - 2 972205;;RETEN;;;;;
6110;;SUBCOMISARÕA SAN FRANCISCO DE MOSTAZAL;SAN GUILLERMO N∞ 520;72 - 2 972140;;SUBCOMISARIA;;;;;
6110;;RETEN LA PUNTA;CONDE DE LA CONQUISTA N∞ 115;72 - 2972145;;RETEN;;;;;
6111;;SUBCOMISARÕA CARRETERAS I.A.T. CACHAPOAL;RUTA TRAVESÕA KM 89, COMUNA OLIVAR;72 - 2972078;;SUBCOMISARIA;;;;;
6111;;TENENCIA OLIVAR;MANUEL OLEGARIO SOTO N∞ 199;72 - 2 972223;;TENENCIA;;;;;
6112;;5A. COMISARÕA DE PEUMO;CALLE CARMEN N¬∞ 33;72 - 2972227;;COMISARIA;;;;;
6113;;TENENCIA PICHIDEGUA;AVENIDA INDEPENDENCIA N∞ 815;72 - 2 972281;;TENENCIA;;;;;
6113;;RETEN ALMAHUE VIEJO;PORTEZUELO S/N;72 - 2 972283;;RETEN;;;;;
6114;;TENENCIA QUINTA TILCOCO;MANUEL FLORES N∞ 30;72 - 2 972211;;TENENCIA;;;;;
6114;;RETEN GUACARHUE;CARDENAL CARO N∞ 88;72 - 2 972213;;RETEN;;;;;
6115;;TENENCIA ROSARIO;BULNES S/N;72 - 2 972215;;TENENCIA;;;;;
6115;;4A. COMISARÕA DE RENGO;ERRAZURIZ N¬∞ 290;72 - 2972182;;COMISARIA;;;;;
6115;;RETEN POPETA;DIEGO PORTALES N∞ 4730 - SECTOR POPETA;72 - 2 972202;;RETEN;;;;;
6116;;RETEN LOS LIRIOS;BERNARDO O'HIGGINS N∞ 365;72 - 2 972225;;RETEN;;;;;
6116;;SUBCOMISARÕA REQUINOA;CAUPOLICAN N∞ 9;72 - 2 972218;;SUBCOMISARIA;;;;;
6117;;RETEN ZU—IGA;PORTEZUEL S/N;72 - 2972283;;RETEN;;;;;
6117;;6A. COMISARÕA DE SAN VICENTE;GERMAN RISCO N¬∞ 1216;72 - 2972257;;COMISARIA;;;;;
6117;;RETEN PUENTE BADEN;RUTA I-90-H, KLM. 9 EL TAMBO;72 - 2 972278;;RETEN;;;;;
6201;;3A. COMISARÕA DE PICHILEMU;BERNARDO O'HIGGINS N∞ 4;72 - 2972394;;COMISARIA;;;;;
6202;;RETEN LA ESTRELLA;JUAN IGNACIO VIDAL N∞ 161;72 - 2 972420;;RETEN;;;;;
6203;;RETEN CENTRAL RAPEL;RUTA G-60 KM 64;72 - 2972424;;RETEN;;;;;
6203;;TENENCIA LITUECHE;HERMANOS CARRERA N∞ 809;72 - 2 972422;;TENENCIA;;;;;
6204;;TENENCIA MARCHIHUE;ARTURO PRAT N∞ 1273;72 - 2 972418;;TENENCIA;;;;;
6205;;RETEN RAPEL DE NAVIDAD;IGNACIO CARRERA PINTO S/N;72 - 2 972416;;RETEN;;;;;
6205;;TENENCIA NAVIDAD;JUAN MONTES S/N;72 - 2 972426;;TENENCIA;;;;;
6206;;RETEN PAREDONES;DRETENMORE S/N;72 - 2 972414;;RETEN;;;;;
6206;;RETEN PEDRO DE ALCANTARA;LLICO N∞ 39;72 - 2 972415;;RETEN;;;;;
6301;;PREFECTURA COLCHAGUA N∞ 12;TENIENTE HERNAN MERINO CORREA 619;72 - 2 972290;;PREFECTURA;;;;;
6301;;RETEN ANGOSTURA;ANGOSTURA S/N;72 - 2972343;;RETEN;;;;;
6301;;RETEN ROMA;ROMA S/N;72 - 2 972344;;RETEN;;;;;
6301;;RETEN AGUA BUENA;JULIO FERNANDEZ S/N;72 - 2 972345;;RETEN;;;;;
6301;;RETEN PUENTE NEGRO (F);RUTA I-45 KM 16;72 - 2 972358;;RETEN;;;;;
6302;;TENENCIA CHEPICA;18 DE SEPTIEMBRE N∞ 2314;72 - 2 972391;;TENENCIA;;;;;
6303;;TENENCIA CARRETERA COLCHAGUA;RUTA 5 SUR KM 143;72 - 2 972340;;TENENCIA;;;;;
6303;;SUBCOMISARÕA CHIMBARONGO;VALENTIN LETELIER N∞ 5;72 - 2 972351;;SUBCOMISARIA;;;;;
6304;;RETEN LOLOL;LAS ACACIAS N∞ 190;72 - 2 972382;;RETEN;;;;;
6305;;TENENCIA NANCAGUA;CURAMONTERO N∞ 14;72 - 2 972347;;TENENCIA;;;;;
6306;;RETEN HUIQUE;EL NARANJAL N∞ 400;72 - 2 972383;;RETEN;;;;;
6307;;RETEN POBLACION;PEDRO VALDIVIA S/N;72 - 2 972388;;RETEN;;;;;
6307;;TENENCIA PERALILLO;CARDENAL CARO S/N;72 - 2 972385;;TENENCIA;;;;;
6308;;RETEN PLACILLA COLCHAGUA;MIRAFLORES N∞ 27;72 - 2 972349;;RETEN;;;;;
6309;;RETEN PUMANQUE;BERNARDO O'HIGGINS N∞ 30;72 - 2 972389;;RETEN;;;;;
6310;;2A. COMISARÕA DE SANTA CRUZ;GENERAL DEL CANTO N¬∞ 24;72 - 2972360;;COMISARIA;;;;;
7101;;4A. COMISARÕA CANCHA RAYADA (S.U);5 ORIENTE 17 NORTE N 1140;71-2571164;;COMISARIA;;;;;
7101;;VII ZONA DE CARABINEROS MAULE;BERNARDO O'HIGGINS N∞ 687;71 - 2571000;;ZONA;;;;;
7101;;TENENCIA TALCA ORIENTE;2 SUR N∞ 2149;71 - 2 571139;;TENENCIA;;;;;
7101;;SUBCOMISARIA FF.EE TALCA;RUTA TRAVESIA S/N KM. 89, SECTOR GULTRO, OLIVAR;712571232;;SUBCOMISARIA;;;;;
7101;;RETEN EL SAUCE;RUTA CH-115 KM 10;71 - 2 571210;;RETEN;;;;;
7102;;RETEN PUTU;CONSTITUCI”N N∞ 351;71 - 2 571129;;RETEN;;;;;
7102;;2A. COMISARÕA DE CONSTITUCI”N;PORTALES N 420;71-2571108;;COMISARIA;;;;;
7102;;RETEN VILLA SANTA OLGA;LOS LIRIOS N∞ 484;71 - 2 571131;;RETEN;;;;;
7103;;TENENCIA CUREPTO;MANUEL RODRIGUEZ N∞ 14;75 - 2 275180;;TENENCIA;;;;;
7104;;RETEN EMPEDRADO;BUERAS N∞ 295;71 - 2 571130;;RETEN;;;;;
7105;;TENENCIA MAULE;BALMACEDA N∞ 410;71 - 2 571201;;TENENCIA;;;;;
7105;;RETEN SAN JOSE DE DUAO;RUTA K-635 KM. 13 S/N;71 - 2 571246;;RETEN;;;;;
7106;;TENENCIA PELARCO;CATEDRAL N∞ 50;71 - 2 571197;;TENENCIA;;;;;
7107;;TENENCIA PENCAHUE;FERNANDO PAROT SILVA S/N;71 - 2 571185;;TENENCIA;;;;;
7108;;TENENCIA RIO CLARO;CASIMIRO SEPULVEDA S/N;71 - 2 571191;;TENENCIA;;;;;
7108;;RETEN CAMARICO;RUTA 5 SUR KM 222;71 - 2 571195;;RETEN;;;;;
7108;;RETEN EL RADAL (F);RUTA K-275 KM 19;75 - 2 275163;;RETEN;;;;;
7109;;1A. COMISARÕA SAN CLEMENTE;CALLE ALEJANDRO CRUZ NÔøΩ 349;712571079;;COMISARIA;;;;; 
7109;;RETEN MARIPOSAS;RUTA K-579 KM 8;71 - 2 571101;;RETEN;;;;;
7110;;TENENCIA SAN RAFAEL;AVENIDA PONIENTE S/N;71 - 2 571181;;TENENCIA;;;;;
7110;;SUBCOMISARÕA I.A.T. Y CARRETERAS TALCA;RUTA 5 SUR KM 237;71 - 2 571076;;SUBCOMISARIA;;;;;
7201;;4A. COMISARÕA DE CAUQUENES;MEMBRILLAR N 420 (DIRECCION TEMPORAL: SAN FRANCISCO 399);73 - 2 673130;;COMISARIA;;;;;
7201;;RETEN ESTACI”N CAUQUENES;ARMANDO CORTINEZ NÔøΩ 391;73 - 2 671353;;RETEN;;;;;
7202;;2A. COMISARÕA DE CHANCO;TENIENTE MERINO S/N;73 - 2673074;;COMISARIA;;;;;
7203;;RETEN PELLUHUE;ARTURO PRAT N∞ 100;73 - 2 673094;;RETEN;;;;;
7301;;1A. COMISARÕA DE CURIC”;SAN MARTIN N 610;75 - 2275030;;COMISARIA;;;;;
7301;;TENENCIA AGUAS NEGRAS;LICANT…N N∞ 901;75 - 2 275058;;TENENCIA;;;;;
7301;;SUBCOMISARÕA SANTA FE;ISLAS AUSTRALES N∞ 2245;75 - 2 275069;;SUBCOMISARIA;;;;;
7302;;TENENCIA HUALA—E;LIBERTADOR BERNARDO O'HIGGINS N∞ 21;75-275106;;TENENCIA;;;;;
7303;;2A. COMISARÕA DE LICANT…N;MATAQUITO N 128;75 - 2275079;;COMISARIA;;;;;
;;;;;;;;;;;
;;;;;;;;;;;
;;;;;;;;;;;
;;;;;;;;;;;
10106;;SUBCOMISARÕA LOS MUERMOS;FEDERICO REDLICH S/N;65 - 2765220;;Subcomisaria;;;;;
10106;;RETEN PARAGUAY CHICO;KM.28 RUTA V-600;65 - 2765192;;Reten;;;;;
10106;;RETEN RIO FRIO;CAMINO REAL S/N ESQ. RUTA V-460;65 - 2765222;;Reten;;;;;
10105;;RETEN CASMA;ROBERTO SIMPSON S/N;65 - 2765156;;Reten;;;;;
10105;;SUBCOMISARÕA FRUTILLAR;CARLOS RICHTER S/N;65 - 2765149;;Subcomisaria;;;;;
10104;;TENENCIA FRESIA;BERNARDO O'HIGGINS N∞ 289;65 - 2765128;;Tenencia;;;;;
10103;;RETEN CANUTILLAR;RUTA 70-E KM 14;65 - 2765135;;Reten;;;;;
10103;;RETEN COCHAMO;RUTA V-69 KIL”METRO N∞ 46;65 - 2765136;;Reten;;;;;
10103;;RETEN PASO EL LEON (F);SECTOR PASO EL LE”N S/N;65 - 2765271;;Reten;;;;;
10103;;RETEN RIO PUELO;RUTA V-69 KILOMETRO 76;65 - 2765137;;Reten;;;;;
10103;;RETEN LLANADA GRANDE (F);RUTA V721, KM. 32;65 - 2765269;;Reten;;;;;
10103;;RETEN PASO BOLSON (F);SECTOR LAGO LAS ROCAS S/N;65 - 2765270;;Reten;;;;;
10102;;RETEN ISLA HUAR;ALFARO S/N;65 - 2765244;;Reten;;;;;
10102;;4A. COMISARIA CALBUCO;GALVARINO RIVEROS N∫ 70;65 - 2765227;;Comisaria;;;;;
10102;;RETEN ISLA PULUQUI;SECTOR CHAUQUEAR S/N.;65 - 2765249;;Reten;;;;;
10101;;TENENCIA LAS QUEMAS;RUTA V-600 KM 7,3;65 - 2765189;;Tenencia;;;;;
10101;;TENENCIA PANITAO (MC);RUTA 5 SUR KM 1034;65 - 2765185;;Tenencia;;;;;
10101;;6A. COMISARIA ALERCE (S.U.).;AV. VIOLETA PARRA S/N;65 - 2765470;;Comisaria;;;;;
10101;;RETEN PIEDRA AZUL (EX CORRENTOSO);RUTA V-65 KM 21;65 - 2765272;;Reten;;;;;
10101;;5A. COMISARIA PUERTO MONTT;PARQUE INDUSTRIAL N∫ 420;65 - 2765251;;Comisaria;;;;;
10101;;7A. COMISARIA MIRASOL;AV. LA CRUZ S/N;65-2765470;;Comisaria;;;;;
10101;;X ZONA DE CARABINEROS LOS LAGOS;MIRAMAR N∞ 1500;65 - 2765000;;Zona;;;;;
10101;;8A. COMISARIA C.O.P. LLANQUIHUE;DEBER CUMPLIDO 71;65 - 2765180;;Comisaria;;;;;
10101;;SUBCOMISÕA RELONCAVI;RIO YELI S/N;65 - 2765194;;Subcomisaria;;;;;
14204;;4A. COMISARÕA DE RIO BUENO;Avenida. Arturo Prat N 702;64 - 2664180;;Comisaria;;;;;
14204;;RETEN DIUMEN;RUTA T-85 KM;63 - 2563242;;Reten;;;;;
14204;;RETEN VIVANCO;RUTA T-845 KM;63 - 2563241;;Reten;;;;;
14204;;RETEN CARIMALLIN;RUTA T-99-U KM;64 - 2664197;;Reten;;;;;
14204;;RETEN MANTILHUE;RUTA T-985 KM;64 - 2664198;;Reten;;;;;
14203;;RETEN PUERTO NUEVO;RUTA T-785 KM 1;64 - 2664175;;Reten;;;;;
14203;;TENENCIA LAGO RANCO;VI—A DEL MAR N∞ 153;63 - 2563238;;Tenencia;;;;;
14203;;RETEN RI—INAHUE (F);RUTA T-85 KM 24;63 - 2563243;;Reten;;;;;
14202;;TENENCIA FUTRONO;JOSE MIGUEL BALMACEDA N∞ 10;63 - 2563180;;Tenencia;;;;;
14202;;RETEN LLIFEN (F);RUTA T-55 KM 22;63 - 2563182;;Reten;;;;;
14201;;RETEN CATAMUTUN;SANTA ELISA S/N;64 - 2664176;;Reten;;;;;
14201;;TENENCIA CARRETERA VALDIVIA;RUTA 5 SUR KM 869;63-2563143;;Tenencia;;;;;
14201;;RETEN CUNCO MASHUE;RUTA T-80 KM 27;64 - 2664174;;Reten;;;;;
14201;;3A. COMISARÕA LA UNI”N.;PHILLIPI N766;64 - 2564155;;Comisaria;;son caleta;;;
14108;;RETEN MALALHUE;ARTURO PRAT N∞ 118;63 - 2563220;;Reten;;;;;
14108;;RETEN CO—ARIPE;GUIDO BECK DE RAMBERGA N∞ 307;63 - 2563203;;Reten;;;;;
14108;;5A COMISARIA PANGUIPULLI;Bernardo OHiggins N 1255;63 - 2563184;;Comisaria;;;;;
14108;;TENENCIA LIQUI—E (F);RUTA CH-201 KM;63 - 2563204;;Tenencia;;;;;
14108;;RETEN CHOSHUENCO;SAN MARTÕN N∞ 300;63 - 2563260;;Reten;;;;;
14108;;RETEN NELTUME;RUTA CH-203 S/N;63 - 2563207;;Reten;;;;;
14108;;TENENCIA PIRIHUEICO (F);RUTA CH-203 KM;63 - 2563210;;Tenencia;;;;;
14107;;RETEN REUMEN;12 DE OCTUBRE N∞ 10;63 - 2563236;;Reten;;;;;
14107;;SUBCOMISARÕA PAILLACO;ARTURO PRAT N∞ 979;63 - 2563228;;Subcomisaria;;;;;
14107;;RETEN PICHIRROPULLI;BALMACEDA N∞ 421;63 - 2563235;;Reten;;;;;
14106;;RETEN MEHUIN;LOS NOTROS S/N;63 - 2563226;;Reten;;;;;
14106;;TENENCIA SAN JOSE DE LA MARIQUINA;LORD COCHRANE SN;63 - 2563224;;Tenencia;;;;;
14105;;TENENCIA MAFIL;PEDRO DE VALDIVIA N∞ 699;63 - 2563221;;Tenencia;;;;;
14104;;RETEN ANTILHUE;BERNARDO O'HIGGINS S/N;63 - 2563177;;Reten;;;;;
14104;;2A. COMISARÕA DE LOS LAGOS;QUINCHILCA N 138;63 - 2563158;;Comisaria;;;;;
14104;;RETEN RI—IHUE;CHOSHUENCO S/N;63 - 2563178;;Reten;;;;;
14103;;SUBCOMISARÕA LANCO;YUNGAY N∞ 355;63 - 2563213;;Subcomisaria;;;;;
14102;;TENENCIA CORRAL;BLANCO N∞ 12;63 - 2563140;;Tenencia;;;;;
14101;;RETEN PUNUCAPA;CASERIO PUNUCAPA S/N;63 - 2563137;;Reten;;;;;
14101;;RETEN ISLA TEJAS;LOS BOLDOS N 415;63 - 2563270;;Reten;;;;;
14101;;PREFECTURA VALDIVIA N∞ 3;BEAUCHEF N∞ 1025;63 - 2563020;;Prefectura;;;;;
14101;;6TA COMISARÕA FF.EE VALDIVIA;BALMACEDA NÔ5161;63 - 2563127;;Comisaria;;;;;
14101;;TENENCIA LOS JAZMINES;COLOMBIA S/N;63 - 2563117;;Tenencia;;;;;
14101;;SUBCOMISARÕA GENERAL OSCAR CRISTI GALLO;FRANCIA N∞ 2950;63 - 2563110;;Subcomisaria;;;;;
14101;;TENENCIA MOGOLLONES;DONALD CANTER N∞ 4005;63 - 2563134;;Tenencia;;;;;
14101;;RETEN NIEBLA;DEL CASTILLO N∞ 1060;63 - 2563139;;Reten;;;;;
9211;;4A COMISARIA VICTORIA;SOTOMAYOR N 31545 - 2466508;45 - 2466508;;Comisaria;;;;;
9211;;TENENCIA CARRETERA MALLECO;RUTA 5 SUR KM 613;45 - 2466530;;Tenencia;;;;;
9211;;RETEN PUA;ARTURO PRAT N∞ 7;45 - 2466740;;Reten;;;;;
9211;;RETEN SELVA OSCURA;ALTAMIRANO N∞ 180;45 - 2466528;;Reten;;;;;
9210;;RETEN QUILQUEN;9 DE JULIO N∞ 158;45 - 2466501;;Reten;;;;;
9210;;3A. COMISARÕA TRAIGUEN;BASILIO URRUTIA N 499;45 - 2466482;;Comisaria;;;;;
9209;;TENENCIA RENAICO;LORENZO DE LA MAZA S/N;45 - 2466440;;Tenencia;;;;;
9209;;RETEN TIJERAL;SANTA ELISA N 270;45 - 2466442;;Reten;;;;;
9208;;TENENCIA PUREN;CONTULMO N 996;45 - 2466452;;Tenencia;;;;;
9207;;RETEN LUMACO;CARLOS CONDELL N∞ 206;66 - 2466505;;Reten;;;;;
9207;;TENENCIA CAPITAN PASTENE;ROMA N∞ 315;45 - 2466503;;Tenencia;;;;;
9207;;RETEN PICHI-PELLAHUEN;PRINCIPAL S/N;45 - 2466506;;Reten;;;;;
9206;;SUBCOMISARÕA LOS SAUCES;BERNARDO O'HIGGINS N∞ 312;45 - 2466445;;Subcomisaria;;;;;
9205;;SUBCOMISARIA LONQUIMAY (F);BERNARDO O'HIGGINS N∞ 1301;66 - 2466556;;Subcomisaria;;;;;
9205;;RETEN SIERRA NEVADA;RUTA CH-181 KM 102;45 - 2466564;;Reten;;;;;
9205;;TENENCIA LIUCURA (F);RUTA CH-181 KM 158;45 - 2466565;;Tenencia;;;;;
9204;;SUBCOMISARÕA ERCILLA;TUCAPEL S/N;45-2466870;;Subcomisaria;;;;;
9204;;RETEN PAILAHUEQUE;COLON N∞ 808;45 - 2466480;;Reten;;;;;
9203;;5A. COMISARÕA DE CURACAUTÕN;ARAUCO N 235;45 - 2466538;;Comisaria;;;;;
9203;;RETEN MANZANAR;RUTA CH-181 KM 74.600;45 - 2466553;;Reten;;;;;
9203;;RETEN MALALCAHUELLO;CRISTOBAL COLON N∞ 305;45 - 2466552;;Reten;;;;;
9202;;RETEN MININCO;BERNARDO O'HIGGINS S/N;45 - 2466665;;Reten;;;;;
9202;;RETEN ESPERANZA;BERNARDO OHIGGINS S/N;45-2466660;;Reten;;;;;
9202;;2A COMISARIA COLLIPULLI;BERNARDO OHIGGINS N 250;45-2466455;;Comisaria;;;;;
9202;;RETEN CURACO;JOSE MIGUEL CARRERA S/N, RUTA R-49 KM 900;45 - 2466474;;Reten;;;;;
9201;;1A. COMISARÕA DE ANGOL;Calle Dieciocho N 340;45 - 2466415;;Comisaria;;;;;
9121;;RETEN CHOLCHOL;ARTURO N∞ 320;45-2466207;;Reten;;;;;
9120;;7A COMISARIA VILLARRICA;MANUEL ANTONIO MATTA N 230;45 - 2466284;;Comisaria;;;;;
9120;;RETEN LICAN RAY;GENERAL BASILIO URRUTIA N∞ 735;45 - 2466303;;Reten;;;;;
9119;;RETEN CAJON;ALEJANDRO URRUTIA N∞ 6;45 - 2466173;;Reten;;;;;
9119;;TENENCIA VILCUN;CALLE CHORRILLOS N∞ 391;45 - 2466177;;Tenencia;;;;;
9119;;RETEN SAN PATRICIO;AV. INGLESA S/N;45 - 2466186;;Reten;;;;;
9119;;RETEN CHERQUENCO;MENDOZA S/N;45 - 2466175;;Reten;;;;;
9118;;TENENCIA TOLTEN;BERNARDO O'HIGGINS S/N;45 - 2466247;;Tenencia;;;;;
9118;;RETEN QUEULE;COSTANERA S/N;45 - 2466249;;Reten;;;;;
9117;;RETEN HUALPIN;JORGE ALESSANDRI S/N;45 - 2466211;;Reten;;;;;
9117;;RETEN TEODORO SCHMIDT;GERMAN WINKEL S/N;45 - 2466208;;Reten;;;;;
9117;;RETEN BARROS ARANA;DOS SUR N∞ 115;45 - 2466209;;Reten;;;;;
9116;;TENENCIA PUERTO SAAVEDRA;EJERCITO N∞ 702;45 - 2466225;;Tenencia;;;;;
9116;;RETEN PUERTO DOMÕNGUEZ;JORGE ALESSANDRI N∞ 292;45 - 2466222;;Reten;;;;;
9115;;9A COMISARIA DE PUCON;BERNARDO OHIGGINS N 135;45 - 2466339;;Comisaria;;;;;
9114;;RETEN COMUY;RUTA S-70 KM. 31;45 - 2466246;;Reten;;;;;
9114;;5A COMISARIA DE PITRUFQUEN;GRONOW N 894;45 - 2466228;;Comisaria;;;;;
9113;;RETEN PERQUENCO;21 DE MAYO N∞ 282;45 - 2466720;;Reten;;;;;
9112;;3A COMISARIA PADRE LAS CASAS;EUSEBIO LILLO N 190;45 - 2466154;;Comisaria;;;;;
9111;;4A COMISARIA NUEVA IMPERIAL;ARTURO PRAT N 128;45 - 2466188;;Comisaria;;;;;
9110;;RETEN MELIPEUCO (F);AVENIDA PEDRO AGUIRRE CERDA N∞ 2;45 - 2466184;;Reten;;;;;
9109;;RETEN LA PAZ;VALPARAÕSO N∞ 91;45- 2466281;;Reten;;;;;
9109;;6A COMISARIA DE LONCOCHE;BARROS ARANA N 934;45 - 2466260;;Comisaria;;;;;
9109;;TENENCIA CARRETERA CAUTIN SUR;RUTA 5 SUR KM 748;45 - 2466279;;Tenencia;;;;;
9109;;RETEN HUISCAPI;BERNARDO O'HIGGINS S/N;45 - 2466282;;Reten;;;;;
9108;;RETEN PILLANLELBUN;RECABARREN N∞ 510;45 - 2466110;;Reten;;;;;
9108;;TENENCIA CARRETERAS CAUTIN NORTE;RUTA 5 SUR KM 654.8;45 - 2466116;;Tenencia;;;;;
9108;;1A COMISARIA DE LAUTARO;BALMACEDA N 1094;45 2466096;;Comisaria;;;;;
9108;;RETEN DOLLINCO;RUTA S-11 KM. 29;45 - 2466118;;Reten;;;;;
9107;;TENENCIA GORBEA;BERNARDO O HIGGINS N∞ 209;45 - 2466251;;Tenencia;;;;;
9107;;RETEN QUITRATUE;GUERRA N∞ 660;45 - 2466253;;Reten;;;;;
9107;;RETEN LASTARRIA;VILLA ALEGRE N∞ 201;45 - 2466254;;Reten;;;;;
9106;;TENENCIA GALVARINO;LEON GALLO N∞ 406;45 - 2466113;;Tenencia;;;;;
9105;;RETEN QUEPE;ERNESTO RIQUELME S/N;45 - 2466174;;Reten;;;;;
9105;;TENENCIA FREIRE;PEDRO CAMALEZ S/N;45 - 2466256;;Tenencia;;;;;
9105;;RETEN RADAL;ARTURO PRAT N∞ 290;45 - 2466258;;Reten;;;;;
9104;;RETEN REIGOLIL (F);CAMINO PUBLICO S/N;45 - 2466308;;Reten;;;;;
9104;;RETEN CATRIPULLI;RUTA S-199 KM. 104;45 - 2466307;;Reten;;;;;
9104;;TENENCIA CURARREHUE (F);BERNARDO O'HIGGINS N∞ 603;45 - 2466304;;Tenencia;;;;;
9103;;RETEN LOS LAURELES;CALLE ARTEMIO GUTI…RREZ N∞ 305;45 - 2466185;;Reten;;;;;
9103;;RETEN LAS HORTENSIAS;AVENIDA FLOR ESQUINA CALLE LUZ;45 - 2466183;;Reten;;;;;
9103;;SUBCOMISARÕA CUNCO;SANTA MARÕA N∞ 181;45 - 2466180;;Subcomisaria;;;;;
9102;;RETEN TROVOLHUE;ROMILIO ADRIAZOLA S/N;45 - 2466221;;Reten;;;;;
9102;;RETEN NEHUENTUE;ARAUCO N∞ 380;45 - 2466212;;Reten;;;;;
9102;;SUBCOMISARÕA CARAHUE;ERCILLA N∞ 190;45 - 2466214;;Subcomisaria;;;;;
9101;;TENENCIA LABRANZA;UNO NORTE N∞ 430;45 - 2466331;;Tenencia;;;;;
9101;;8A COMISARIA TEMUCO;VALLE DE ROBLES N 910;45 2466317;;Comisaria;;;;;
9101;;1A COMISARIA FUERZAS ESPECIALES TEMUCO;SANTA TERESA 1280, TEMUCO;45 2466810;;Comisaria;;;;;
9101;;PREFECTURA CAUTIN;LUIS CLARO SOLAR N∞ 1284;45 - 2466029;;Prefectura;;;;;
9101;;TENENCIA FAMILIA E INFANCIA ARAUCANÕA;PIRCUNCHE N∞ 0370;45 - 2466147;;Tenencia;;;;;
8314;;TENENCIA BIO BIO (F);AV. PITRIL, S/N;43 - 2243139;;Tenencia;;;;;
8313;;5A. COMISARÕA YUMBEL;GENERAL CRUZ N 600;43 - 2243142;;Comisaria;;;;;
8313;;RETEN CENTINELA;IGNACIO CARRERA PINTO N∞ 315;43-2243157;;Reten;;;;;
8312;;TENECIA HUEPIL;SAN FRANCISCO N∞ 71;43 - 2243131;;Tenencia;;;;;
8312;;RETEN TUCAPEL;LAUTARO N∞ 379;43 - 2243133;;Reten;;;;;
8311;;4A. COMISARÕA DE SANTA B¡RBARA;ARTURO PRAT N 179;43 - 2 243106;;Comisaria;;;;;
8310;;RETEN SAN ROSENDO;ALMIRANTE LATORRE N∞ 355;43 - 2243162;;Reten;;;;;
8309;;RETEN QUILLECO;CALLE BARROS ARANA N∞ 680;43 - 2243129;;Reten;;;;;
8308;;RETEN QUILACO;ARTURO PRAT N∞ 1280;43 - 2243080;;Reten;;;;;
8308;;RETEN RUCALHUE;JUAN CORONATA MARENCO N∞ 326;43 - 2243082;;Reten;;;;;
8307;;TENENCIA NEGRETE;AV. NESTOR DEL RIO N∞ 290;43 - 2243103;;Tenencia;;;;;
8306;;3A. COMISARÕA DE NACIMIENTO;GENERAL BULNES N 39;43 - 2 243084;;Comisaria;;;;;
8305;;2A. COMISARÕA DE MULCH…N;AVENIDA. SALVO N 619;43 - 2243061;;Comisaria;;;;;
8304;;SUBCOMISARÕA LAJA;BALMACEDA N∞ 541;43 - 2243178;;Subcomisaria;;;;;
8303;;SUBCOMISARÕA CABRERO;MANUEL PALACIOS N∞ 906;43 - 2243168;;Subcomisaria;;;;;
8303;;RETEN MONTE AGUILA;CALLE ZA—ARTU N∞ 25;43 - 2243176;;Reten;;;;;
8302;;TENENCIA ANTUCO (F);RUTA Q-45 KM 63;43 - 2243127;;Tenencia;;;;;
8301;;PREFECTURA BIO BIO;RICARDO VICU—A N∞ 405;43 - 2243000;;Prefectura;;;;;
8301;;SUBCOMISARÕA CABO 1∞ SEPULVEDA PARRAGUEZ;CALLE OROMPELLO N∞ 1545;43-2243240;;Subcomisaria;;;;;
8301;;TENENCIA CENTENARIO;DIEGO DE ALMAGRO N∞ 1475;43 - 2243047;;Tenencia;;;;;
8207;;SUBCOMISARÕA TIRUA;GUERRERO N 21;41 - 2141450;;Subcomisaria;;;;;
8206;;SUBCOMISARœA LOS ALAMOS;AVENIDA IGNACIO PINTO N 665;41 - 2141519;;Subcomisaria;;;;;
8205;;4A. COMISARÕA DE CURANILAHUE;CALLE RAMON ZAMORA INTERIOR S/N INTERIOR;41 - 2141460;;Comisaria;;;;;
8204;;TENENCIA CONTULMO;LOS NOTROS N 15;41 - 2141457;;Tenencia;;;;;
8203;;3A. COMISARÕA DE CA—ETE;CALLE CORNELIO SAAVEDRA N 792;42 - 2141434;;Comisaria;;;;;
8202;;1A. COMISARÕA DE ARAUCO;CALLE ESMERALDA ESQ. TUCAPEL S/N.;41 - 2141394;;Comisaria;;;;;
8202;;RETEN CARAMPANGUE;VICENTE MILAN N∞ 142;41 - 2141408;;Reten;;;;;
8112;;4A. COMISARÕA DE HUALP…N;AVENIDA ALEMANIA N 2485;41 - 2141344;;Comisaria;;;;;
8111;;1A. COMISARÕA DE TOM…;CALLE MARIANO EGANAëA N∞ 1033;41 - 2 141278;;Comisaria;;;;;
8110;;PREFECTURA TALCAHUANO;BLANCO ENCALADA N∞ 720;41 - 2141254;;Prefectura;;;;;
8109;;TENENCIA SANTA JUANA;LAUTARO N∞ 13;41 - 2141148;;Tenencia;;;;;
10107;;RETEN LOS PELLINES;RUTA 5 SUR KM 989;65 - 2765147;;RETEN;;;;;
10107;;RETEN LONCOTORO;LENIA BALMACEDA S/N;65 - 2765146;;RETEN;;;;;
10107;;COMISARIA LLANQUIHUE;LOS VOLCANES S/N;65 - 2765139;;SUBCOMISARIA;;;;;
10108;;RETEN QUENUIR;IGNACIO SERRANO S/N;65 - 2765216;;RETEN;;;;;
10108;;RETEN LA PASADA;KM. 89 RUTA V-460 LA PASADA;65 - 2765218;;RETEN;;;;;
10108;;3A. COMISARIA DE MAULLIN;BERNARDO OHIGGINS N 491;65 - 2762197;;COMISARIA;;;;;
10108;;RETEN OLMOPULLI;KM.54 RUTA V-860, CRUCE RUTA V-861;65 - 2765217;;RETEN;;;;;
10108;;TENENCIA CAREMALPU;BERNARDO OHIGGINS S/N;65 - 2765224;;TENENCIA;;;;;
10109;;TENENCIA CASA PANGUE (F);RUTA CH-225 KM. 18;65 - 2765122;;TENENCIA;;;;;
10109;;TENENCIA ENSENADA;RUTA CH-225 KM 43 S.N;65 - 2765133;;TENENCIA;;;;;
10109;;RETEN RIO PESCADO;RUTA CH-225 KM 19;65 - 2765120;;RETEN;;;;;
10109;;1A. COMISARIA DE PUERTO VARAS;SAN FRANCISCO N 241;65 - 2765100;;COMISARIA;;;;;
10109;;TENENCIA CARRETERA LLANQUIHUE;RUTA 5 SUR KM 1010;65 - 2765125;;TENENCIA;;;;;
10109;;RETEN NUEVA BRAUNAU;CALLE OTTO KLEIN ESQUINA LA BOMBA;65 - 2765119;;RETEN;;;;;
10201;;PREFECTURA CHILOE N 26;DIEGO PORTALES N 440;65 - 2765304;;PREFECTURA;;;;;
10202;;COMISARIA DE ANCUD;Baquedano N 370;65 - 2765338;;COMISARIA;;;;;
10202;;TENENCIA CHACAO;SOMMERMIER N∞ 215;65 - 2765359;;TENENCIA;;;;;
10202;;TENENCIA CHILOE (M.C);RUTA 5 SUR KM 1143;65 - 2765362;;TENENCIA;;;;;
10203;;TENENCIA CHONCHI;PEDRO AGUIRRE CERDA N 224;65 - 2765385;;TENENCIA;;;;;
10204;;RETEN CURACO DE VELEZ;GALVARINO RIVEROS N 240;65 - 2765404;;RETEN;;;;;
10205;;TENENCIA DALCAHUE;AVENIDA MOCOPULLI N 025;65-2765683;;TENENCIA;;;;;
10206;;RETEN PUQUELDON;CALLE TENIENTE MERINO S/N;65 - 2765387;;RETEN;;;;;
10207;;RETEN QUEILEN;BALMACEDA N 83;65 - 2765388;;RETEN;;;;;
10208;;6A. COMISARIA QUELLON (S.U);JUAN LADRILLEROS N 561;65 - 2765500;;COMISARIA;;;;;
10209;;RETEN QUEMCHI;PEDRO MONTT N 300;65 - 2765364;;RETEN;;;;;
10209;;RETEN MECHUQUE;VILLA MECHUQUE S/N;65 - 2765358;;RETEN;;;;;
10210;;SUBCOMISARIA ACHAO;RICARDO JARA N 12;65 - 2765397;;SUBCOMISARIA;;;;;
10210;;RETEN ISLA QUENAC;SECTOR LA VILLA S/N;65 - 2765405;;RETEN;;;;;
10301;;RETEN CANCURA;CALLE LAS ROSAS S/N;64 - 2664129;;RETEN;;;;;
10301;;RETEN ELEUTERIO RAMIREZ;RUTA CH-215 KM. 14;64 - 2664128;;RETEN;;;;;
10301;;TENENCIA CARRETERA OSORNO;RUTA 5 SUR, KM 926 LAS QUEMAS;64 - 2664200;;TENENCIA;;;;;
10301;;1A. COMISARIA OSORNO;JUSTO GEISSE N 846;64 - 2664032;;COMISARIA;;;;;
10301;;RETEN OVEJERIA;CALLE COLBUN N 740;64 - 2664066;;RETEN;;;;;
10301;;3A. COMISARIA OSORNO(S.U);CALLE GUATEMALA ESQ. PILCO MAYO, RAHUE ALTO.;64 - 2664105;;COMISARIA;;;;;
10301;;RETEN PAMPA ALEGRE;HEROES DE LA CONCEPCION N 581;64 - 2664126;;RETEN;;;;;
10301;;SUBCOMISARIA RAHUE ALTO;IQUIQUE N 440;64 - 2664134;;SUBCOMISARIA;;;;;
10302;;RETEN LAS CASCADAS;VICENTE PEREZ ROSALES N 123;64 - 2664101;;RETEN;;;;;
10302;;RETEN RUPANCO;SECTOR LOS PUENTES S/N RUTA U-911, KM 20;64 - 2664103;;RETEN;;;;;
10302;;TENENCIA PUERTO OCTAY;GERMAN WULF N 797;64 - 2664099;;TENENCIA;;;;;
10303;;RETEN CRUCERO;VEINTIUNO DE MAYO N 7;64 - 2664097;;RETEN;;;;;
10303;;RETEN CORTE ALTO;BERNARDO OHIGGINS N 128;64 - 2664096;;RETEN;;;;;
10303;;SUBCOMISARIA PURRANQUE;ELEUTERIO RAMIREZ N 460;64 - 2664089;;SUBCOMISARIA;;;;;
10304;;TENENCIA PAJARITOS (F);RUTA CH-215, KM. 95;64 - 2664141;;TENENCIA;;;;;
10304;;TENENCIA ENTRE LAGOS;HERIBERTO NOVOA CON RUTA CH-215;64 - 2664131;;TENENCIA;;;;;
10305;;2A. COMISARIA DE RIO NEGRO;BERNARDO OHIGGINS N 520;64-2664068;;COMISARIA;;;;;
10305;;RETEN RIACHUELO;PEDRO DE VALDIVIA N 567;64 - 2664087;;RETEN;;;;;
10306;;RETEN SAN JUAN DE LA COSTA;RUTA U-300, KM. 28;64 - 2664124;;RETEN;;;;;
10306;;RETEN BAHIA MANSA;RUTA U-40 KM 58;64 - 2664125;;RETEN;;;;;
10307;;TENENCIA SAN PABLO;TRALMAHUE N 504;64 - 2664144;;TENENCIA;;;;;
10307;;RETEN TRUMAO;RUTA U-10, KM. 18;64 - 2664148;;RETEN;;;;;
10307;;RETEN QUILACAHUIN;RUTA U-170, KM. 12;64 - 2664147;;RETEN;;;;;
10401;;RETEN AYACARA(F);RUTA W-813 SECTOR AYACARA S/N;65 - 2765443;;RETEN;;;;;
10401;;4A COMISARIA DE CHAITEN(F);ALMIRANTE RIVEROS N 317;65-2765426;;COMISARIA;;;;;
10402;;3A. COMISARIA DE FUTALEUFU (F);Bernardo OHiggins N 516;65 - 2765409;;COMISARIA;;;;;
10402;;TENENCIA EL LIMITE (F);RUTA CH-231 KM. 55;65 - 2 765423;;TENENCIA;;;;;
10403;;RETEN CONTAO;RUTA 7 CARRETERA AUSTRAL KM 55;65 - 2765280;;RETEN;;;;;
10403;;TENENCIA HORNOPIREN (F);INGENIERO MILITAR S/N;65 - 2765277;;TENENCIA;;;;;
10403;;RETEN VODUDAHUE (F);CAMINO LONGITUDINAL RUTA 7 S/N;65 - 2765281;;RETEN;;;;;
10404;;TENENCIA RIO ENCUENTRO (F);RUTA INTERNACIONAL CH-235, KM. 80;65 - 2765462;;TENENCIA;;;;;
10404;;5A. COMISARIA DE PALENA(F);CALLE PEDRO MONTT N 765;65 - 2765445;;COMISARIA;;;;;
10404;;RETEN VALLE CALIFORNIA (F);RUTA W-895, KM. 11;65 - 2765465;;RETEN;;;;;
11101;;RETEN PUESTO VIEJO;GERONIMO DE ALDERETE S/N VILLA NIREHUAO;67 - 2567103;;RETEN;;;;;
11101;;RETEN VILLA ORTEGA;RUTA 7 NORTE KM 32 VILLA ORTEGA;67 - 2567097;;RETEN;;;;;
11101;;TENENCIA COYHAIQUE ALTO;RUTA CH-243 KM. 45;67 - 2567099;;TENENCIA;;;;;
11101;;RETEN LAGO CASTOR;RUTA X-595 KM. 15. SECTOR LAGO CASTOR;67 - 2567102;;RETEN;;;;;
11101;;PREFECTURA DE AYSEN;CALLE ESMERALDA N 522;67 - 2567021;;PREFECTURA;;;;;
11101;;SUBCOMISARIA EL BLANCO;RUTA 7 SUR KM 33;67 - 2567290;;SUBCOMISARIA;;;;;
11101;;TENENCIA BALMACEDA;LOS CARRERA N 1355;67 - 2567105;;TENENCIA;;;;;
11102;;RETEN LAGO VERDE;LOS PIONEROS N 52;67 - 2567141;;RETEN;;;;;
11102;;RETEN RIO CISNES;RUTA X- 25 KM. 90 ALTO RÕO CISNES;67 - 2567096;;RETEN;;;;;
11102;;RETEN VILLA LA TAPERA;LOS PIONEROS CON P. A. RONCHI;67 - 2567210;;RETEN;;;;;
11201;;RETEN VILLA MANIHUALES;EUSEBIO IBAR N 1406;67 - 2567128;;RETEN;;;;;
11201;;RETEN PUERTO AGUIRRE;PEDRO AGUIRRE CERDA N∞ 337;67 - 2567127;;RETEN;;;;;
11201;;2A. COMISARIA DE PUERTO AYSEN;BERNARDO OHIGGINS N 553;67-2567260;;COMISARIA;;;;;
11201;;RETEN PUERTO CHACABUCO;JOSE MARIA CARO N 335;67 - 2567129;;RETEN;;;;;
11201;;5A. COMISARIA C.O.P. AYSEN;CALLE ALMIRANTE SIMPSON N 2561;67 - 2567093;;COMISARIA;;;;;
11201;;4A. COMISARIA COCHRANE;ESMERALDA N 522;67 - 267166;;COMISARIA;;;;;
11202;;RETEN RAUL MARIN BALMACEDA;AV. COSTANERA S/N;67-2567140;;RETEN;;;;;
11202;;TENENCIA LA JUNTA;RUTA 7 CARRETERA AUSTRAL KM 268;67 - 2567135;;TENENCIA;;;;;
11202;;RETEN PUYUHUAPI;CALLE OTTO UEBEL S/NRO;67-2567139;;RETEN;;;;;
11202;;SUBCOMISARIA PUERTO CISNES;JOSE MARIA CARO N 74;67 - 2567205;;SUBCOMISARIA;;;;;
11203;;RETEN MELINKA;COSTANERA S/N;67 - 2567133;;RETEN;;;;;
11301;;RETEN ENTRADA BAKER;KILOMETRO N∞ 63, RUTA INTERNACIONAL X-83;67 - 2567183;;RETEN;;;;;
11301;;4A. COMISARIA COCHRANE;CALLE ESMERALDA N 522;67 - 2567164;;COMISARIA;;;;;
11302;;TENENCIA RIO MAYER;RIVERA NORTE RIO MAYER S/N;67 - 2567196;;TENENCIA;;;;;
11302;;SUBCOMISARIA VILLA OHIGGINS;TENIENTE HERNAN MERINO S/N;67 - 2567189;;SUBCOMISARIA;;;;;
11302;;TENENCIA TTE. HERNAN MERINO CORREA;KILOMETRO N∞ 01, RUTA X-915;67 - 2567186;;TENENCIA;;;;;
11303;;RETEN CALETA TORTEL;SECTOR CENTRO S/N;67 - 2567184;;RETEN;;;;;
11401;;3A.COMISARIA DE CHILE CHICO;Bernardo OHiggins N 506;67 - 2567143;;COMISARIA;;;;;
11401;;RETEN PUERTO GUADAL;CALLE LAS CAMELIAS N 430;67 - 2567162;;RETEN;;;;;
11402;;TENENCIA PUERTO INGENIERO IBANEZ;AVENIDA GENERAL CARRERA N 19;67 - 2567089;;TENENCIA;;;;;
11402;;RETEN RIO TRANQUILO;CALLE EL SALTO N 359;67 - 2567091;;RETEN;;;;;
12101;;TENENCIA KON AIKEN;RUTA 9 NORTE KM 32;61 - 2761115;;TENENCIA;;;;;
12101;;SUBCOMISARIA RIO SECO;RUTA 9 NORTE KM. 13,5;61 - 2761127;;SUBCOMISARIA;;;;;
12101;;PREFECTURA MAGALLANES;JUEZ WALDO SEGUEL N 653;61 - 2761054;;PREFECTURA;;;;;
12101;;1A COMISARIA DE PUNTA ARENAS;PEREZ DE ARCE ESQUINA CALLE MATEO TORO Y ZAMBRANO, S/N.;61 - 2761096;;COMISARIA;;;;;
12101;;SUBCOMISARIA I.A.T PUNTA ARENAS;RUTA 9 SUR KM 5.5;61 - 2761034;;SUBCOMISARIA;;;;;
12101;;RETEN AGUA FRESCA;RUTA 9 SUR KM. 29;61 - 2761114;;RETEN;;;;;
12102;;RETEN MORRO CHICO;RUTA 9 NORTE KM. 146;61 - 2761120;;RETEN;;;;;
12102;;RETEN VILLA TEHUELCHEN;SANTIAGO ALVAREZ N 1;61 - 2761119;;RETEN;;;;;
12104;;RETEN TENIENTE HERNAN MERINO CORREA;RUTA Y-455 KM 70;61 - 2761126;;RETEN;;;;;
12104;;TENENCIA MONTE AYMOND;RUTA CH-255 KM. 141;61 - 2761122;;TENENCIA;;;;;
12104;;RETEN CANADON GRANDE;RUTA Y-545 KM 22;61 - 2761125;;RETEN;;;;;
12201;;TENENCIA YENDEGAIA;CALETA DOS DE MAYO S/N;61 - 2761136;;TENENCIA;;;;;
12201;;4A. COMISARIA PUERTO WILLIAMS;PILOTO PARDO N 287;61 - 2761221;;COMISARIA;;;;;
12201;;RETEN PUERTO TORO;AGUSTIN GALLARDO S/N;61 - 2761135;;RETEN;;;;;
12301;;3A. COMISARIA DE PORVENIR;CHILOE N 880;61 - 2761171;;COMISARIA;;;;;
12301;;TENENCIA SAN SEBASTIAN;RUTA CH-257, KM. 177;61 - 2761190;;TENENCIA;;;;;
12302;;TENENCIA CERRO SOMBRERO;ARTURO PRAT N 737;61 - 2761195;;TENENCIA;;;;;
12303;;RETEN PAMPA GUANACO;RUTA Y-851, KM. 132;61 - 2761193;;RETEN;;;;;
12401;;RETEN PUERTO EDEN;RIBERA SUR S/N. PTO. EDEN;61 - 2761250;;RETEN;;;;;
12401;;RETEN DOROTEA;RUTA CH-250 KM. 11.380;61 - 2761169;;RETEN;;;;;
12401;;SUBCOMISARIA CASAS VIEJAS;RUTA 9 SUR KM 231;61 - 2761160;;SUBCOMISARIA;;;;;
12401;;2A. COMISARIA DE PUERTO NATALES;TOMAS ROGERS N 274;61 - 2761139;;COMISARIA;;;;;
12402;;RETEN CERRO GUIDO;RUTA 9 NORTE KM 350;61 - 2761168;;RETEN;;;;;
12402;;RETEN TORRES DEL PAINE;RUTA 9 NORTE KM. 305;61 - 2761167;;RETEN;;;;;
13101;;4A. COMISARIA SANTIAGO CENTRAL SUR;CHILOE NRO. 1472;2 - 29223790;;COMISARIA;;;;;
13101;;2A COMISARIA SANTIAGO CENTRAL SUR;TOESCA NRO. 2345;2 - 29223730;;COMISARIA;;;;;
13101;;48VA COMISARIA FAMILIA E INFANCIA;CALLE DIECIOCHO N 268;22 - 9224890;;COMISARIA;;;;;
13101;;28A COMISARIA C.O.P.;SAN ISIDRO NRO. 330;2 - 29224700;;COMISARIA;;;;;
13101;;35VA COMISARIA DELITOS SEXUALES;AV. ITALIA 1100;22 - 9224860;;COMISARIA;;;;;
13101;;RETEN CASA MONEDA;AVENIDA PORTALES N 3586;2 - 29224255;;RETEN;;;;;
13101;;3A COMISARIA DE SANTIAGO CENTRAL NORTE;PASAJE ELIAS FERNANDEZ ALBANO N 165;2 - 29223760;;COMISARIA;;;;;
13101;;1A COMISARIA SANTIAGO CENTRAL NORTE;SANTO DOMINGO NRO. 714;2 - 29223700;;COMISARIA;;;;;
13101;;32A COMISARIA DEL TRANSITO;SANTO DOMINGO N 1188;22 - 9223820;;COMISARIA;;;;;
13101;;PREFECTURA SANTIAGO CENTRAL NORTE;AMUNATEGUI N 519;2 - 29223860;;PREFECTURA;;;;;
13101;;JEFATURA ZONA METROPOLITANA;AMUNATEGUI N∞ 519;2 - 29223600;;JEFATURA;;;;;
13101;;TENENCIA PARQUE METROPOLITANO;AV. EL CERRO / PEDRO DE VALDIVIA NORTE;133;;TENENCIA;;;;;
13102;;34A COMISARIA VISTA ALEGRE;LAS TORRES NRO. 7488;2 - 2 922 4830;;COMISARIA;;;;;
13102;;SUBCOMISARIA CERRILLOS;BUZETA N 3986;2 - 29224465;;SUBCOMISARIA;;;;;
13103;;45A COMISARIA DE CERRO NAVIA;LOS CONQUISTADORES N 7350;2 - 29224600;;COMISARIA;;;;;
13104;;5A COMISARIA DE CONCHALI;GENERAL GAMBINO N 3731;22 - 9223890;;COMISARIA;;;;;
13104;;RETEN ENEAS GONEL;ARMANDO CARRERA N 4041;2 - 29223915;;RETEN;;;;;
13105;;39A COMISARIA EL BOSQUE;LOS RAULIES N 11240, ESQUINA STA. ELENA;22 - 9223130;;COMISARIA;;;;;
13105;;TENENCIA EL BOSQUE PONIENTE;EL PILLAN N 1266;2 - 2922 3155;;TENENCIA;;;;;
13106;;21A COMISARIA DE ESTACION CENTRAL;ECUADOR NRO. 4050;2 - 29224220;;COMISARIA;;;;;
13106;;58A COMISARIA POBLACION ALESSANDRI;ANTARTICA NRO. 4701;2 - 2922 6130;;COMISARIA;;;;;
13107;;54A COMISARIA DE HUECHURABA;RECOLETA N 5560;2 - 29224160;;COMISARIA;;;;;
13108;;SUBCOMISARIA VILLA MODERNA;CORONEL ALVARADO N 2450;2 - 29224085;;SUBCOMISARIA;;;;;
13108;;TENENCIA JUAN ANTONIO RIOS;SARA GAJARDO N 940;2 - 29224095;;TENENCIA;;;;;
13109;;PREFECTURA SANTIAGO SUR;JOSE MIGUEL CARRERA N 6868;2 - 29222840;;PREFECTURA;;;;;
13110;;61A COMISARIA CABO 2DO PABLO SILVA PIZARRO;DEPARTAMENTAL N 3273;2 - 29226315;;COMISARIA;;;;;
13110;;SUBCOMISARIA LOS QUILLAYES;GALVARINO N 4430;2 - 29223380;;SUBCOMISARIA;;;;;
13111;;TENENCIA TTE. MAURICIO RIVERA LOPEZ;AVENIDA LA SERENA N 10537;22 - 9223255;;TENENCIA;;;;;
13111;;13A. COMISARIA DE LA GRANJA;PADRE JUAN MEYER N 851;22 - 9223220;;COMISARIA;;;;;
13112;;41A. COMISARIA LA PINTANA;BALDOMERO LILLO N 1901;22 - 9223400;;COMISARIA;;;;;
13112;;TENENCIA EL CASTILLO;PRIMAVERA N 3741;32 - 3132373;;TENENCIA;;;;;
13113;;16A COMISARIA LA REINA;ECHENIQUE NRO. 8428;2 - 2922 2600;;COMISARIA;;;;;
13114;;SUBCOMISARIA SERVICIOS DIPLOMATICOS;CALLE POLOBANDA NRO. 1941;229225430;;SUBCOMISARIA;;;;;
13114;;47A COMISARIA LOS DOMINICOS;CAMINO EL ALBA NRO. 9210;2 - 29222780;;COMISARIA;;;;;
13115;;53A COMISARIA DE LO BARNECHEA;AVENIDA LO BARNECHEA NRO. 1119;2 - 29222810;;COMISARIA;;;;;
13116;;11A COMISARIA DE LO ESPEJO;CARDENAL CARO NRO. 3971;2 - 29222910;;COMISARIA;;;;;
13116;;TENENCIA SANTA ADRIANA;LO OVALLE N 24801;2 - 29222950;;TENENCIA;;;;;
13117;;44A COMISARAI DE LO PRADO;SAN PABLO N 5829;2 - 29224570;;COMISARIA;;;;;
13118;;46A. COMISARIA MACUL;AVENIDA ESCUELA AGRICOLA NRO. 2340;2 - 29223460;;COMISARIA;;;;;
13119;;25A COMISARIA MAIPU;BAILEN NRO. 2185;2 - 29224440;;COMISARIA;;;;;
13120;;ZONA METROPOLITANA ESTE;GENERAL JOSE ALEJANDRO BERNALES N 5147;2 - 29226000;;ZONA;;;;;
13121;;TENENCIA PEDRO AGUIRRE CERDA;CLUB HIPICO N 6035;22 - 9222940;;TENENCIA;;;;;
13122;;SUBCOMISARIA PENALOLEN;AVENIDA. LOS PRESIDENTES N 6799;2 - 2922 3565;;SUBCOMISARIA;;;;;
13123;;SUBCOMISARIA PROVIDENCIA SUR;Av. Los Leones 1871;22 - 9222714;;SUBCOMISARIA;;;;;
13124;;SUBCOMISARIA PUDAHUEL NORTE;EL ARADO N 9033;2 - 29224525;;SUBCOMISARIA;;;;;
13125;;49A COMISARIA DE QUILICURA;CALLE CABO 1RO. CARLOS CUEVAS GOLMO N 526;2 - 29224130;;COMISARIA;;;;;
13126;;22A COMISARIA DE QUINTA NORMAL;SANTO DOMINGO NRO. 4390;2 - 29224260;;COMISARIA;;;;;
13127;;TENENCIA JOSE SANTOS OSSA;JOSE SANTOS OSSA N 3401;2 - 29223970;;TENENCIA;;;;;
13128;;7A COMISARIA DE RENCA;BLANCO ENCALADA NRO. 1337;2 - 29223980;;COMISARIA;;;;;
13129;;50A COMISARIA DE SAN JOAQUIN;CARLOS VALDOVINOS N 282;22 - 9223490;;COMISARIA;;;;;
13130;;12A COMISARIA DE SAN MIGUEL;GRAN AVENIDADA JOSE MIGUEL N 3868;22 - 9222960;;COMISARIA;;;;;
13131;;31A COMISARIA DE SAN RAMON;VICUNA MACKENNA N 1759;22 - 9223104;;COMISARIA;;;;;
13132;;PREFECTURA SANTIAGO ANDES;Avenida Santa Maria, 6694;22 - 9226020;;PREFECTURA;;;;;
13201;;38A COMISARIA DE PUENTE ALTO;CONCHA Y TORO N 3399;22 - 9223320;;COMISARIA;;;;;
13201;;20A COMISARIA DE PUENTE ALTO;BALMACEDA 431;2 - 29223260;;COMISARIA;;;;;
13202;;65A COMISARIA PIRQUE;CONCHA Y TORO N 02510;22 - 9226280;;COMISARIA;;;;;
13203;;TENENCIA SAN GABRIEL;RUTA G-25 KM 56;2 - 29223315;;TENENCIA;;;;;
13301;;SUBCOMISARIA CHICUREO;AV. DEL VALLE S/N LOTE A;2-29226615;;SUBCOMISARIA;;;;;
13302;;TENENCIA CARRETERA LAMPA;RUTA 5 NORTE KM 27;2 - 29223887;;TENENCIA;;;;;
13303;;TENENCIA TILTIL;JOSE MANUEL AGUILAR S/N;2 - 29224040;;TENENCIA;;;;;
13303;;RETEN RUNGUE;ESTACION S/N;2 - 29224051;;RETEN;;;;;
13401;;PREFECTURA DEL MAIPO;BULNES N 945;22 - 9225460;;PREFECTURA;;;;;
13402;;TENENCIA LINDEROS;FRANCISCO JAVIER KRUGGER N 3717;22 - 9223080;;TENENCIA;;;;;
13403;;SUBCOMISARIA CALERA DE TANGO;AVENIDA CALERA DE TANGO PARADERO 5 S/N;2 - 2922 3025;;SUBCOMISARIA;;;;;
13404;;64A COMISARIA PAINE;AVENIDA. 18 DE SEPTIEMBRE N 21;2 - 2922 5440;;COMISARIA;;;;;
13501;;24A COMISARIA DE MELIPILLA;ORTUZAR NRO. 674;22 - 9224370;;COMISARIA;;;;;
13502;;TENENCIA VILLA ALHUE;CALLE 18 DE SEPTIEMBRE S/N;2 - 29224418;;TENENCIA;;;;;
13503;;63 COMISARIA CURACAVI;AMBROSIO OHIGGINS N 2211;22 - 9226450;;COMISARIA;;;;;
13504;;TENENCIA MARIA PINTO;AVENIDA FRANCISCO COSTABAL N 615;2 - 29224422;;TENENCIA;;;;;
13505;;TENENCIA SAN PEDRO;AVENIDA SAN PEDRO N 13;2 - 29224426;;TENENCIA;;;;;
13601;;23A COMISARIA TALAGANTE;BOMBERO HERNAN AVILES GONZALEZ NRO. 875;22 - 9224310;;COMISARIA;;;;;
13602;;SUBCOMISARIA EL MONTE;LIBERTADORES N 223;2 - 29224395;;SUBCOMISARIA;;;;;
13603;;RETEN LA ISLITA;BALMACEDA N 3156;2 - 29224364;;RETEN;;;;;
13604;;SUBCOMISARIA PADRE HURTADO;SAN ALBERTO HURTADO N 2333;2 - 29224483;;SUBCOMISARIA;;;;;
13605;;56A COMISARIA PENAFLOR;CALLE 18 DE SEPTIEMBRE N 169;22 - 9225640;;COMISARIA;;;;;
13605;;TENENCIA MALLOCO;BALMACEDA N 103;2 - 29224345;;TENENCIA;;;;;
